{"timestamp": "2025-07-13T18:24:26.139398", "user_id": 1994433796, "username": "Brocat007008", "chat_id": -1002670883011, "chat_type": "supergroup", "message_id": 1322, "text": "", "is_command": false}
{"timestamp": "2025-07-13T18:24:43.742333", "user_id": 1994433796, "username": "Brocat007008", "chat_id": -1002670883011, "chat_type": "supergroup", "message_id": 1327, "text": "f", "is_command": false}
{"timestamp": "2025-07-13T18:24:43.902823", "user_id": 1994433796, "username": "Brocat007008", "chat_id": -1002670883011, "chat_type": "supergroup", "message_id": 1328, "text": "f", "is_command": false}
{"timestamp": "2025-07-13T18:24:44.105097", "user_id": 1994433796, "username": "Brocat007008", "chat_id": -1002670883011, "chat_type": "supergroup", "message_id": 1329, "text": "f", "is_command": false}
{"timestamp": "2025-07-13T18:24:44.227169", "user_id": 1994433796, "username": "Brocat007008", "chat_id": -1002670883011, "chat_type": "supergroup", "message_id": 1330, "text": "f", "is_command": false}
{"timestamp": "2025-07-13T18:24:44.503177", "user_id": 1994433796, "username": "Brocat007008", "chat_id": -1002670883011, "chat_type": "supergroup", "message_id": 1331, "text": "f", "is_command": false}
{"timestamp": "2025-07-13T18:24:44.640020", "user_id": 1994433796, "username": "Brocat007008", "chat_id": -1002670883011, "chat_type": "supergroup", "message_id": 1333, "text": "f", "is_command": false}
{"timestamp": "2025-07-13T18:24:44.759823", "user_id": 1994433796, "username": "Brocat007008", "chat_id": -1002670883011, "chat_type": "supergroup", "message_id": 1334, "text": "f", "is_command": false}
{"timestamp": "2025-07-13T18:24:44.909955", "user_id": 1994433796, "username": "Brocat007008", "chat_id": -1002670883011, "chat_type": "supergroup", "message_id": 1335, "text": "f", "is_command": false}
{"timestamp": "2025-07-13T18:24:45.252660", "user_id": 1994433796, "username": "Brocat007008", "chat_id": -1002670883011, "chat_type": "supergroup", "message_id": 1336, "text": "f", "is_command": false}
{"timestamp": "2025-07-13T18:24:45.367282", "user_id": 1994433796, "username": "Brocat007008", "chat_id": -1002670883011, "chat_type": "supergroup", "message_id": 1337, "text": "f", "is_command": false}
{"timestamp": "2025-07-13T18:24:45.459164", "user_id": 1994433796, "username": "Brocat007008", "chat_id": -1002670883011, "chat_type": "supergroup", "message_id": 1339, "text": "f", "is_command": false}
{"timestamp": "2025-07-13T18:24:45.686675", "user_id": 1994433796, "username": "Brocat007008", "chat_id": -1002670883011, "chat_type": "supergroup", "message_id": 1340, "text": "f", "is_command": false}
{"timestamp": "2025-07-13T18:26:18.440168", "user_id": 1994433796, "username": "Brocat007008", "chat_id": 1994433796, "chat_type": "private", "message_id": 748, "text": "f", "is_command": false}
{"timestamp": "2025-07-13T18:26:50.492876", "user_id": 1994433796, "username": "Brocat007008", "chat_id": -1002670883011, "chat_type": "supergroup", "message_id": 1347, "text": "f", "is_command": false}
{"timestamp": "2025-07-13T18:26:51.194975", "user_id": 1994433796, "username": "Brocat007008", "chat_id": -1002670883011, "chat_type": "supergroup", "message_id": 1348, "text": "f", "is_command": false}
{"timestamp": "2025-07-13T18:26:51.540455", "user_id": 1994433796, "username": "Brocat007008", "chat_id": -1002670883011, "chat_type": "supergroup", "message_id": 1349, "text": "f", "is_command": false}
{"timestamp": "2025-07-13T18:27:03.832770", "user_id": 1994433796, "username": "Brocat007008", "chat_id": 1994433796, "chat_type": "private", "message_id": 753, "text": "", "is_command": false}
{"timestamp": "2025-07-13T18:30:19.454931", "user_id": 1994433796, "username": "Brocat007008", "chat_id": -1002833768458, "chat_type": "supergroup", "message_id": 2, "text": "", "is_command": false}
{"timestamp": "2025-07-13T18:35:04.003379", "user_id": 1994433796, "username": "Brocat007008", "chat_id": -1002833768458, "chat_type": "supergroup", "message_id": 20, "text": "", "is_command": false}
{"timestamp": "2025-07-13T18:37:27.951014", "user_id": 1994433796, "username": "Brocat007008", "chat_id": -1002833768458, "chat_type": "supergroup", "message_id": 23, "text": "🟢 Онлайн\n  - Последняя активность: 2025-07-13 18:37:18", "is_command": false}
{"timestamp": "2025-07-13T18:37:48.258824", "user_id": 1994433796, "username": "Brocat007008", "chat_id": -1002833768458, "chat_type": "supergroup", "message_id": 26, "text": "2025-07-13 18:37:38", "is_command": false}
{"timestamp": "2025-07-13T18:37:55.232317", "user_id": 1994433796, "username": "Brocat007008", "chat_id": -1002833768458, "chat_type": "supergroup", "message_id": 29, "text": "2025-07-13 18:37:48", "is_command": false}
{"timestamp": "2025-07-13T18:40:28.524040", "user_id": 1994433796, "username": "Brocat007008", "chat_id": 1994433796, "chat_type": "private", "message_id": 763, "text": "Возможность узнать кого-то ID с помощью ответа на сообщение командой /id.\n\n\nДоп. информация про это обновление:\n\nИсправление ошибок (очень много).\n\nДобавление статистики бота за счёт другого бота.\n\nТеперь легко можно узнать, работает ли бот на данный момент.", "is_command": false}
{"timestamp": "2025-07-13T18:40:53.453735", "user_id": 1994433796, "username": "Brocat007008", "chat_id": 1994433796, "chat_type": "private", "message_id": 765, "text": "------------------------------------------------------------------------------\n\n                 Обновление!\n\n------------------------------------------------------------------------------\n\nБот перешёл на хостинг!!! 🎉🎉 (Хоть и бесплатный 😒) И он выключится в воскресенье, 28 сентября 2025 года, но всё же до этого времени он будет работать 24/7!!! 🎉🎉\nБот уже работоспособный и готов выполнять свои обязанности!\n\nСписок изменений:\n\nПоявились такие функции, как:\n\n/spam (tc и all) --- Рассылка всем зарегистрированным пользователям и в основную группу/канал (только для админов).\n\n/say (tc и all) --- Отправить сообщение от имени бота всем зарегистрированным пользователям и в основную группу/канал (только для админов).\n\n/save_on --- Включить защиту от спама в этой группе (только для админов).\n\n/save_off --- Отключить защиту от спама в этой группе (только для админов).\n\n/save_list - Показать текущий статус спам-защиты в этой группе (только для админов).\n\n/addw --- Добавить пользователя в белый список группы (ответом на сообщение или по ID) (только для админов).\n\n/unwhite --- Удалить пользователя из белого списка группы (ответом на сообщение или по ID)  (только для админов).\n\n/listw --- Показать белый список для текущей группы (только для админов).\n\n/help --- Показать список команд (доступно всем).\n\n/mute <user_id> [причина] - Заблокировать пользователя вручную (только для админов).\n\n/unmute [user_id] - Показать список заблокированных пользователей или разблокировать пользователя по ID (только для админов).\n\n/mute list - Показать список блокировок в группе (только для админов).\n\n/id - Показать ID текущего чата (в группе) или свой ID (в привате) (доступно всем).\n\n/id me - Показать свой ID (доступно всем).\n\n/id (в ответ на сообщение) - Показать ID чата и ID пользователя, чье сообщение процитировано (доступно всем).\n\n/op - Назначить пользователя администратором группы (только для админов).\n\n/deop - Снять административные права с пользователя в этой группе (главные администраторы не могут лишиться прав этой командой) (только для админов).\n\nДоп атрибуты и возможности для команд.\n\nall - Все или везде.\n\ntc - Только группы/каналы.\n\non - включить.\n\noff - выключить.\n\nlist - показать.\n\nme - я или мой.\n\nd или 1d = 1 день.\n\nm или 1m = 1 минута.\n\nh или 1h = 1 час.\n\nВсе доп. возможности с помощью бота:\n\nВозможность блокировки с помощью ответа на сообщение.\n\nВозможность разблокировки с помощью ответа на сообщение.\n\nВозможность указывать время блокировки.\n\nВозможность указывать причину блокировки.\n\nВозможность указывать причину разблокировки.\n\nВозможность разблокировки одной командой сразу во всех группах/каналах.\n\nАвтоматическая разблокировка через время (работает только если в блокировке было указано время).\n\nВозможность отправки сообщений через бота отдельно пользователям.\n\nВозможность отправки сообщений через бота отдельно в группы/каналы.\n\nВозможность отправки сообщений сразу всем пользователям и группам/каналам.\n\nВозможность отправки сообщений от имени бота отдельно пользователям.\n\nВозможность отправки сообщений от имени бота отдельно группам/каналам.\n\nВозможность отправки сообщений от имени бота всем пользователям и группам/каналам.\n\nВозможность отправки сообщений с фото.\n\nВозможность отправки сообщений с gif.\n\nВозможность отправки сообщений с видео.\n\nВозможность отправки сообщений с файлами.\n\nАвтоматизация слежения за спамом в группах/каналах.\n\nВозможность управления через бота.\n\nВозможность узнать какой именно администратор заблокировал пользователя по логам cmd, пример сообщения:\n2025-06-30 17:22:07,627 - main - INFO - Администратор 1234567890 заблокировал пользователя 1111111111 по причине: Test до Навсегда в чате -1111111111112\n\nВозможность узнать какой именно администратор заблокировал пользователя в чате по команде /mute list или /mute_list, пример сообщения:\nВаш ник /mute list\n\nСалам (ник бота)\nВаш ник\n/mute list\nЗаблокированные пользователи в этом чате (-1111111111112):\n\n- 11111 (ID: 11111) Причина: Test (админ: Ник админа). Заблокирован до: 2025\\-07\\-05 17:26:07.", "is_command": false}
{"timestamp": "2025-07-13T18:40:53.504696", "user_id": 1994433796, "username": "Brocat007008", "chat_id": 1994433796, "chat_type": "private", "message_id": 766, "text": "Возможность узнать кого-то ID с помощью ответа на сообщение командой /id.\n\n\nДоп. информация про это обновление:\n\nИсправление ошибок (очень много).\n\nДобавление статистики бота за счёт другого бота.\n\nТеперь легко можно узнать, работает ли бот на данный момент.", "is_command": false}
{"timestamp": "2025-07-13T19:01:17.877504", "user_id": 1994433796, "username": "Brocat007008", "chat_id": -1002833768458, "chat_type": "supergroup", "message_id": 34, "text": "", "is_command": false}
{"timestamp": "2025-07-13T19:01:55.210315", "user_id": 1994433796, "username": "Brocat007008", "chat_id": -1002670883011, "chat_type": "supergroup", "message_id": 1375, "text": "------------------------------------------------------------------------------\n\n                 Обновление!\n\n------------------------------------------------------------------------------\n\nБот перешёл на хостинг!!! 🎉🎉 (Хоть и бесплатный 😒) И он выключится в воскресенье, 28 сентября 2025 года, но всё же до этого времени он будет работать 24/7!!! 🎉🎉\nБот уже работоспособный и готов выполнять свои обязанности!\n\nСписок изменений:\n\nПоявились такие функции, как:\n\n/spam (tc и all) --- Рассылка всем зарегистрированным пользователям и в основную группу/канал (только для админов).\n\n/say (tc и all) --- Отправить сообщение от имени бота всем зарегистрированным пользователям и в основную группу/канал (только для админов).\n\n/save_on --- Включить защиту от спама в этой группе (только для админов).\n\n/save_off --- Отключить защиту от спама в этой группе (только для админов).\n\n/save_list - Показать текущий статус спам-защиты в этой группе (только для админов).\n\n/addw --- Добавить пользователя в белый список группы (ответом на сообщение или по ID) (только для админов).\n\n/unwhite --- Удалить пользователя из белого списка группы (ответом на сообщение или по ID)  (только для админов).\n\n/listw --- Показать белый список для текущей группы (только для админов).\n\n/help --- Показать список команд (доступно всем).\n\n/mute <user_id> [причина] - Заблокировать пользователя вручную (только для админов).\n\n/unmute [user_id] - Показать список заблокированных пользователей или разблокировать пользователя по ID (только для админов).\n\n/mute list - Показать список блокировок в группе (только для админов).\n\n/id - Показать ID текущего чата (в группе) или свой ID (в привате) (доступно всем).\n\n/id me - Показать свой ID (доступно всем).\n\n/id (в ответ на сообщение) - Показать ID чата и ID пользователя, чье сообщение процитировано (доступно всем).\n\n/op - Назначить пользователя администратором группы (только для админов).\n\n/deop - Снять административные права с пользователя в этой группе (главные администраторы не могут лишиться прав этой командой) (только для админов).\n\nДоп атрибуты и возможности для команд.\n\nall - Все или везде.\n\ntc - Только группы/каналы.\n\non - включить.\n\noff - выключить.\n\nlist - показать.\n\nme - я или мой.\n\nd или 1d = 1 день.\n\nm или 1m = 1 минута.\n\nh или 1h = 1 час.\n\nВсе доп. возможности с помощью бота:\n\nВозможность блокировки с помощью ответа на сообщение.\n\nВозможность разблокировки с помощью ответа на сообщение.\n\nВозможность указывать время блокировки.\n\nВозможность указывать причину блокировки.\n\nВозможность указывать причину разблокировки.\n\nВозможность разблокировки одной командой сразу во всех группах/каналах.\n\nАвтоматическая разблокировка через время (работает только если в блокировке было указано время).\n\nВозможность отправки сообщений через бота отдельно пользователям.\n\nВозможность отправки сообщений через бота отдельно в группы/каналы.\n\nВозможность отправки сообщений сразу всем пользователям и группам/каналам.\n\nВозможность отправки сообщений от имени бота отдельно пользователям.\n\nВозможность отправки сообщений от имени бота отдельно группам/каналам.\n\nВозможность отправки сообщений от имени бота всем пользователям и группам/каналам.\n\nВозможность отправки сообщений с фото.\n\nВозможность отправки сообщений с gif.\n\nВозможность отправки сообщений с видео.\n\nВозможность отправки сообщений с файлами.\n\nАвтоматизация слежения за спамом в группах/каналах.\n\nВозможность управления через бота.\n\nВозможность узнать какой именно администратор заблокировал пользователя по логам cmd, пример сообщения:\n2025-06-30 17:22:07,627 - main - INFO - Администратор 1234567890 заблокировал пользователя 1111111111 по причине: Test до Навсегда в чате -1111111111112\n\nВозможность узнать какой именно администратор заблокировал пользователя в чате по команде /mute list или /mute_list, пример сообщения:\nВаш ник /mute list\n\nСалам (ник бота)\nВаш ник\n/mute list\nЗаблокированные пользователи в этом чате (-1111111111112):\n\n- 11111 (ID: 11111) Причина: Test (админ: Ник админа). Заблокирован до: 2025\\-07\\-05 17:26:07.", "is_command": false}
{"timestamp": "2025-07-13T19:01:55.259653", "user_id": 1994433796, "username": "Brocat007008", "chat_id": -1002670883011, "chat_type": "supergroup", "message_id": 1376, "text": "Возможность узнать кого-то ID с помощью ответа на сообщение командой /id.\n\n\nДоп. информация про это обновление:\n\nИсправление ошибок (очень много).\n\nДобавление статистики бота за счёт другого бота.\n\nТеперь легко можно узнать, работает ли бот на данный момент.", "is_command": false}
{"timestamp": "2025-07-13T19:34:36.225749", "user_id": 1994433796, "username": "Brocat007008", "chat_id": -1002833768458, "chat_type": "supergroup", "message_id": 50, "text": "", "is_command": false}
